BSSID,RSSI
3C:51:0E:13:FD:86,-73.8409090909091
6C:31:0E:BA:0A:A6,-69.82022471910112
6C:31:0E:F3:55:E6,-50.60674157303371
