BSSID,RSSI
3C:51:0E:13:FD:86,-76.85714285714286
6C:31:0E:BA:0A:A6,-73.78571428571429
6C:31:0E:F3:55:E6,-55.714285714285715
